{
  "hosting": {
    "public": "dist",
    "ignore": ["**/.*", "**/node_modules/**"],
    "rewrites": [{ "source": "**", "destination": "/index.html" }],
    "headers": [
      {
        "source": "**/*.@(js|css)",
        "headers": [{ "key": "Cache-Control", "value": "public,max-age=31536000,immutable" }]
      },
      {
        "source": "/sw.js",
        "headers": [{ "key": "Cache-Control", "value": "no-cache" }]
      },
      {
        "source": "/manifest.webmanifest",
        "headers": [{ "key": "Cache-Control", "value": "no-cache" }]
      }
    ]
  }
}
